CLIP1,CLIP2,CLIP3,CLIP4,CLIP5,CLIP6,CLIP7,CLIP8,CLIP9,CLIP10,CLIP11,CLIP12,CLIP13,CLIP14,CLIP15,CLIP16,CLIP17,CLIP18,CLIP19,CLIP20,CLIP21,CLIP22,CLIP23,CLIP24,CLIP25,CLIP26,CLIP27,CLIP28,LEN1,LEN2,LEN3,LEN4,LEN5,LEN6,LEN7,LEN8,LEN9,LEN10,LEN11,LEN12,LEN13,LEN14,LEN15,LEN16,LEN17,LEN18,LEN19,LEN20,LEN21,LEN22,LEN23,LEN24,LEN25,LEN26,LEN27,LEN28,SPEC1,SPEC2,SPEC3,SPEC4,SPEC5,SPEC6,SPEC7,SPEC8,SPEC9,SPEC10,SPEC11,SPEC12,SPEC13,SPEC14,SPEC15,SPEC16,SPEC17,SPEC18,SPEC19,SPEC20,SPEC21,SPEC22,SPEC23,SPEC24,SPEC25,SPEC26,SPEC27,SPEC28,PERSONS,DAYTYPE,FISH,FISHERY,RES,SITE,STATE,STATUS,SUCCESS,MONTH,DAY,YEAR,STARTMM,STARTHH,STOPMM,STOPHH
,,,,,,,,,,,,,,,,,,,,,,,,,,,,,,,,,,,,,,,,,,,,,,,,,,,,,,,,,,,,,,,,,,,,,,,,,,,,,,,,,,,,2,2,0,1,1,234,1,1,0,5,18,14,45,11,0,14
,,,,,,,,,,,,,,,,,,,,,,,,,,,,,,,,,,,,,,,,,,,,,,,,,,,,,,,,,,,,,,,,,,,,,,,,,,,,,,,,,,,,3,2,0,2,1,204,1,1,0,5,18,14,0,9,10,14
,,,,,,,,,,,,,,,,,,,,,,,,,,,,,,,,,,,,,,,,,,,,,,,,,,,,,,,,,,,,,,,,,,,,,,,,,,,,,,,,,,,,1,2,0,2,1,204,1,1,0,5,18,14,0,12,10,14
,,,,,,,,,,,,,,,,,,,,,,,,,,,,,,,,,,,,,,,,,,,,,,,,,,,,,,,,,,,,,,,,,,,,,,,,,,,,,,,,,,,,2,2,0,1,1,204,1,1,0,5,18,14,15,13,10,14
,,,,,,,,,,,,,,,,,,,,,,,,,,,,,,,,,,,,,,,,,,,,,,,,,,,,,,,,,,,,,,,,,,,,,,,,,,,,,,,,,,,,1,2,0,7,1,204,1,1,0,5,18,14,30,13,23,14
,,,,,,,,,,,,,,,,,,,,,,,,,,,,,,,,,,,,,,,,,,,,,,,,,,,,,,,,,,,,,,,,,,,,,,,,,,,,,,,,,,,,2,2,0,2,3,204,1,1,0,5,18,14,30,8,40,14
1,0,1,1,1,1,1,1,0,0,0,0,0,0,0,,,,,,,,,,,,,,15.6,19,23.4,20.3,21,19.9,19.7,21.5,13.2,14.1,13.9,15.1,16.1,14.5,13.6,,,,,,,,,,,,,,045,045,045,045,045,045,045,045,049,049,049,049,049,049,046,,,,,,,,,,,,,,2,2,15,1,1,204,1,1,2,5,18,14,30,10,3,15
,,,,,,,,,,,,,,,,,,,,,,,,,,,,,,,,,,,,,,,,,,,,,,,,,,,,,,,,,,,,,,,,,,,,,,,,,,,,,,,,,,,,2,2,0,2,1,201,1,1,0,5,18,14,0,12,20,16
,,,,,,,,,,,,,,,,,,,,,,,,,,,,,,,,,,,,,,,,,,,,,,,,,,,,,,,,,,,,,,,,,,,,,,,,,,,,,,,,,,,,2,2,0,2,1,204,1,1,0,5,18,14,0,12,20,16
0,0,0,,,,,,,,,,,,,,,,,,,,,,,,,,15.1,14.5,14.8,,,,,,,,,,,,,,,,,,,,,,,,,,049,049,049,,,,,,,,,,,,,,,,,,,,,,,,,,1,2,3,1,1,204,1,1,1,5,18,14,0,8,50,15
,,,,,,,,,,,,,,,,,,,,,,,,,,,,,,,,,,,,,,,,,,,,,,,,,,,,,,,,,,,,,,,,,,,,,,,,,,,,,,,,,,,,2,2,0,7,1,204,1,1,0,5,18,14,0,10,25,16
,,,,,,,,,,,,,,,,,,,,,,,,,,,,,,,,,,,,,,,,,,,,,,,,,,,,,,,,,,,,,,,,,,,,,,,,,,,,,,,,,,,,1,2,0,7,1,204,1,1,0,5,18,14,0,9,15,15
,,,,,,,,,,,,,,,,,,,,,,,,,,,,,,,,,,,,,,,,,,,,,,,,,,,,,,,,,,,,,,,,,,,,,,,,,,,,,,,,,,,,1,2,0,7,1,204,1,1,0,5,18,14,30,10,45,15
0,,,,,,,,,,,,,,,,,,,,,,,,,,,,14.6,,,,,,,,,,,,,,,,,,,,,,,,,,,,049,,,,,,,,,,,,,,,,,,,,,,,,,,,,2,2,1,1,1,258,1,1,1,5,18,14,0,16,43,19
,,,,,,,,,,,,,,,,,,,,,,,,,,,,,,,,,,,,,,,,,,,,,,,,,,,,,,,,,,,,,,,,,,,,,,,,,,,,,,,,,,,,1,1,0,2,1,258,1,1,0,5,18,14,30,17,40,18
,,,,,,,,,,,,,,,,,,,,,,,,,,,,,,,,,,,,,,,,,,,,,,,,,,,,,,,,,,,,,,,,,,,,,,,,,,,,,,,,,,,,3,2,0,1,1,258,1,1,0,5,18,14,30,17,11,19
,,,,,,,,,,,,,,,,,,,,,,,,,,,,,,,,,,,,,,,,,,,,,,,,,,,,,,,,,,,,,,,,,,,,,,,,,,,,,,,,,,,,1,2,0,2,1,234,1,1,0,5,18,14,30,18,50,20
,,,,,,,,,,,,,,,,,,,,,,,,,,,,,,,,,,,,,,,,,,,,,,,,,,,,,,,,,,,,,,,,,,,,,,,,,,,,,,,,,,,,2,1,0,2,1,258,1,1,0,5,22,14,0,9,53,14
,,,,,,,,,,,,,,,,,,,,,,,,,,,,,,,,,,,,,,,,,,,,,,,,,,,,,,,,,,,,,,,,,,,,,,,,,,,,,,,,,,,,3,1,0,2,1,204,1,1,0,5,22,14,0,9,55,16
,,,,,,,,,,,,,,,,,,,,,,,,,,,,,,,,,,,,,,,,,,,,,,,,,,,,,,,,,,,,,,,,,,,,,,,,,,,,,,,,,,,,2,1,0,2,1,204,1,1,0,5,22,14,0,8,35,15
,,,,,,,,,,,,,,,,,,,,,,,,,,,,,,,,,,,,,,,,,,,,,,,,,,,,,,,,,,,,,,,,,,,,,,,,,,,,,,,,,,,,2,1,0,2,1,204,1,1,0,5,22,14,0,13,25,16
,,,,,,,,,,,,,,,,,,,,,,,,,,,,,,,,,,,,,,,,,,,,,,,,,,,,,,,,,,,,,,,,,,,,,,,,,,,,,,,,,,,,1,1,0,1,1,301,1,1,0,5,22,14,30,16,45,18
0,0,0,,,,,,,,,,,,,,,,,,,,,,,,,,14.9,15,33.2,,,,,,,,,,,,,,,,,,,,,,,,,,049,049,043,,,,,,,,,,,,,,,,,,,,,,,,,,3,2,3,1,1,204,1,1,3,5,24,14,0,8,35,13
,,,,,,,,,,,,,,,,,,,,,,,,,,,,,,,,,,,,,,,,,,,,,,,,,,,,,,,,,,,,,,,,,,,,,,,,,,,,,,,,,,,,2,2,0,2,1,204,1,1,0,5,24,14,30,8,9,13
,,,,,,,,,,,,,,,,,,,,,,,,,,,,,,,,,,,,,,,,,,,,,,,,,,,,,,,,,,,,,,,,,,,,,,,,,,,,,,,,,,,,2,2,0,2,2,204,1,1,0,5,24,14,30,9,21,13
,,,,,,,,,,,,,,,,,,,,,,,,,,,,,,,,,,,,,,,,,,,,,,,,,,,,,,,,,,,,,,,,,,,,,,,,,,,,,,,,,,,,2,2,0,2,1,204,1,1,0,5,24,14,0,7,48,12
,,,,,,,,,,,,,,,,,,,,,,,,,,,,,,,,,,,,,,,,,,,,,,,,,,,,,,,,,,,,,,,,,,,,,,,,,,,,,,,,,,,,4,2,0,7,1,204,1,1,0,5,24,14,30,10,7,13
,,,,,,,,,,,,,,,,,,,,,,,,,,,,,,,,,,,,,,,,,,,,,,,,,,,,,,,,,,,,,,,,,,,,,,,,,,,,,,,,,,,,2,2,0,2,1,204,1,1,0,5,24,14,0,9,45,12
,,,,,,,,,,,,,,,,,,,,,,,,,,,,,,,,,,,,,,,,,,,,,,,,,,,,,,,,,,,,,,,,,,,,,,,,,,,,,,,,,,,,2,2,0,2,1,204,1,1,0,5,24,14,30,8,48,12
0,,,,,,,,,,,,,,,,,,,,,,,,,,,,19.2,,,,,,,,,,,,,,,,,,,,,,,,,,,,078,,,,,,,,,,,,,,,,,,,,,,,,,,,,1,2,1,2,2,204,1,1,1,5,24,14,0,8,52,11
0,,,,,,,,,,,,,,,,,,,,,,,,,,,,16,,,,,,,,,,,,,,,,,,,,,,,,,,,,045,,,,,,,,,,,,,,,,,,,,,,,,,,,,2,2,1,1,1,204,1,1,1,5,24,14,30,7,25,12
,,,,,,,,,,,,,,,,,,,,,,,,,,,,,,,,,,,,,,,,,,,,,,,,,,,,,,,,,,,,,,,,,,,,,,,,,,,,,,,,,,,,1,2,0,2,1,258,1,1,0,5,26,14,30,5,40,8
,,,,,,,,,,,,,,,,,,,,,,,,,,,,,,,,,,,,,,,,,,,,,,,,,,,,,,,,,,,,,,,,,,,,,,,,,,,,,,,,,,,,2,2,0,7,1,258,1,1,0,5,26,14,30,7,10,8
,,,,,,,,,,,,,,,,,,,,,,,,,,,,,,,,,,,,,,,,,,,,,,,,,,,,,,,,,,,,,,,,,,,,,,,,,,,,,,,,,,,,2,2,0,1,1,258,1,1,0,5,26,14,30,5,38,8
0,0,,,,,,,,,,,,,,,,,,,,,,,,,,,18.5,17.3,,,,,,,,,,,,,,,,,,,,,,,,,,,078,078,,,,,,,,,,,,,,,,,,,,,,,,,,,1,2,2,2,1,204,1,1,1,5,26,14,30,7,48,11
,,,,,,,,,,,,,,,,,,,,,,,,,,,,,,,,,,,,,,,,,,,,,,,,,,,,,,,,,,,,,,,,,,,,,,,,,,,,,,,,,,,,2,2,0,7,2,204,1,1,0,5,26,14,10,11,21,11
,,,,,,,,,,,,,,,,,,,,,,,,,,,,,,,,,,,,,,,,,,,,,,,,,,,,,,,,,,,,,,,,,,,,,,,,,,,,,,,,,,,,3,2,0,7,1,204,1,1,0,5,26,14,10,11,21,11
,,,,,,,,,,,,,,,,,,,,,,,,,,,,,,,,,,,,,,,,,,,,,,,,,,,,,,,,,,,,,,,,,,,,,,,,,,,,,,,,,,,,1,2,0,1,1,204,1,1,0,5,26,14,30,6,28,10
,,,,,,,,,,,,,,,,,,,,,,,,,,,,,,,,,,,,,,,,,,,,,,,,,,,,,,,,,,,,,,,,,,,,,,,,,,,,,,,,,,,,2,2,0,7,1,204,1,1,0,5,26,14,0,11,15,11
,,,,,,,,,,,,,,,,,,,,,,,,,,,,,,,,,,,,,,,,,,,,,,,,,,,,,,,,,,,,,,,,,,,,,,,,,,,,,,,,,,,,3,2,0,7,1,204,1,1,0,5,26,14,0,10,12,10
,,,,,,,,,,,,,,,,,,,,,,,,,,,,,,,,,,,,,,,,,,,,,,,,,,,,,,,,,,,,,,,,,,,,,,,,,,,,,,,,,,,,1,2,0,1,1,204,1,1,0,5,26,14,0,5,20,10
,,,,,,,,,,,,,,,,,,,,,,,,,,,,,,,,,,,,,,,,,,,,,,,,,,,,,,,,,,,,,,,,,,,,,,,,,,,,,,,,,,,,2,2,0,2,1,204,1,1,0,5,26,14,30,5,41,9
,,,,,,,,,,,,,,,,,,,,,,,,,,,,,,,,,,,,,,,,,,,,,,,,,,,,,,,,,,,,,,,,,,,,,,,,,,,,,,,,,,,,1,2,0,2,1,204,1,1,0,5,26,14,0,6,50,9
,,,,,,,,,,,,,,,,,,,,,,,,,,,,,,,,,,,,,,,,,,,,,,,,,,,,,,,,,,,,,,,,,,,,,,,,,,,,,,,,,,,,2,2,0,2,1,297,1,1,0,5,26,14,0,10,57,12
,,,,,,,,,,,,,,,,,,,,,,,,,,,,,,,,,,,,,,,,,,,,,,,,,,,,,,,,,,,,,,,,,,,,,,,,,,,,,,,,,,,,2,1,0,7,1,258,1,1,0,5,30,14,30,10,25,16
,,,,,,,,,,,,,,,,,,,,,,,,,,,,,,,,,,,,,,,,,,,,,,,,,,,,,,,,,,,,,,,,,,,,,,,,,,,,,,,,,,,,1,1,0,2,1,204,1,1,0,5,30,14,0,14,58,18
,,,,,,,,,,,,,,,,,,,,,,,,,,,,,,,,,,,,,,,,,,,,,,,,,,,,,,,,,,,,,,,,,,,,,,,,,,,,,,,,,,,,2,1,0,2,2,204,1,1,0,5,30,14,0,9,58,18
,,,,,,,,,,,,,,,,,,,,,,,,,,,,,,,,,,,,,,,,,,,,,,,,,,,,,,,,,,,,,,,,,,,,,,,,,,,,,,,,,,,,3,1,0,2,1,204,1,1,0,5,30,14,0,8,58,18
,,,,,,,,,,,,,,,,,,,,,,,,,,,,,,,,,,,,,,,,,,,,,,,,,,,,,,,,,,,,,,,,,,,,,,,,,,,,,,,,,,,,1,1,0,2,1,204,1,1,0,5,30,14,0,12,5,19
,,,,,,,,,,,,,,,,,,,,,,,,,,,,,,,,,,,,,,,,,,,,,,,,,,,,,,,,,,,,,,,,,,,,,,,,,,,,,,,,,,,,3,1,0,2,2,204,1,1,0,5,30,14,0,9,18,18
,,,,,,,,,,,,,,,,,,,,,,,,,,,,,,,,,,,,,,,,,,,,,,,,,,,,,,,,,,,,,,,,,,,,,,,,,,,,,,,,,,,,2,1,0,2,2,204,1,1,0,5,30,14,30,8,18,18
0,0,0,0,0,0,0,0,0,0,0,,,,,,,,,,,,,,,,,,15.5,18.3,16.3,17.8,15.1,16.1,17.8,16.8,17.5,17,21.7,,,,,,,,,,,,,,,,,,049,078,078,078,078,078,078,078,078,078,078,,,,,,,,,,,,,,,,,,2,1,11,2,1,204,1,1,2,5,30,14,30,9,40,17
,,,,,,,,,,,,,,,,,,,,,,,,,,,,,,,,,,,,,,,,,,,,,,,,,,,,,,,,,,,,,,,,,,,,,,,,,,,,,,,,,,,,3,1,0,2,1,204,1,1,0,5,30,14,45,7,40,17
,,,,,,,,,,,,,,,,,,,,,,,,,,,,,,,,,,,,,,,,,,,,,,,,,,,,,,,,,,,,,,,,,,,,,,,,,,,,,,,,,,,,2,1,0,2,1,204,1,1,0,5,30,14,30,8,5,17
,,,,,,,,,,,,,,,,,,,,,,,,,,,,,,,,,,,,,,,,,,,,,,,,,,,,,,,,,,,,,,,,,,,,,,,,,,,,,,,,,,,,2,1,0,2,1,204,1,1,0,5,30,14,0,10,5,17
,,,,,,,,,,,,,,,,,,,,,,,,,,,,,,,,,,,,,,,,,,,,,,,,,,,,,,,,,,,,,,,,,,,,,,,,,,,,,,,,,,,,2,2,0,2,1,258,1,1,0,6,1,14,0,7,5,10
0,,,,,,,,,,,,,,,,,,,,,,,,,,,,18,,,,,,,,,,,,,,,,,,,,,,,,,,,,078,,,,,,,,,,,,,,,,,,,,,,,,,,,,2,2,1,2,1,258,1,1,1,6,1,14,0,6,7,11
,,,,,,,,,,,,,,,,,,,,,,,,,,,,,,,,,,,,,,,,,,,,,,,,,,,,,,,,,,,,,,,,,,,,,,,,,,,,,,,,,,,,3,2,0,2,1,204,1,1,0,6,1,14,0,8,52,13
0,0,0,0,0,,,,,,,,,,,,,,,,,,,,,,,,15.2,15.5,16,12.1,11.6,,,,,,,,,,,,,,,,,,,,,,,,078,078,078,076,076,,,,,,,,,,,,,,,,,,,,,,,,2,2,5,2,1,204,1,1,2,6,1,14,30,7,52,13
0,0,,,,,,,,,,,,,,,,,,,,,,,,,,,19.2,19.2,,,,,,,,,,,,,,,,,,,,,,,,,,,078,078,,,,,,,,,,,,,,,,,,,,,,,,,,,2,1,2,2,1,297,1,1,2,6,5,14,30,10,15,14
0,,,,,,,,,,,,,,,,,,,,,,,,,,,,15,,,,,,,,,,,,,,,,,,,,,,,,,,,,078,,,,,,,,,,,,,,,,,,,,,,,,,,,,2,1,1,2,1,258,1,1,1,6,6,14,45,4,10,8
0,,,,,,,,,,,,,,,,,,,,,,,,,,,,15,,,,,,,,,,,,,,,,,,,,,,,,,,,,078,,,,,,,,,,,,,,,,,,,,,,,,,,,,2,1,1,2,1,270,1,1,1,6,6,14,30,7,13,10
0,0,0,0,,,,,,,,,,,,,,,,,,,,,,,,,9.5,15,16.6,15.1,,,,,,,,,,,,,,,,,,,,,,,,,076,078,078,078,,,,,,,,,,,,,,,,,,,,,,,,,1,1,4,2,1,297,1,1,1,6,6,14,30,6,50,10
0,0,0,0,,,,,,,,,,,,,,,,,,,,,,,,,15.3,15.1,16.5,18.1,,,,,,,,,,,,,,,,,,,,,,,,,078,078,078,078,,,,,,,,,,,,,,,,,,,,,,,,,1,1,4,2,1,297,1,1,1,6,6,14,0,7,15,11
0,0,,,,,,,,,,,,,,,,,,,,,,,,,,,22.2,20.2,,,,,,,,,,,,,,,,,,,,,,,,,,,078,078,,,,,,,,,,,,,,,,,,,,,,,,,,,1,1,2,2,1,204,1,1,1,6,6,14,30,6,30,13
0,0,0,0,,,,,,,,,,,,,,,,,,,,,,,,,22.8,20,14.8,15.1,,,,,,,,,,,,,,,,,,,,,,,,,035,035,049,049,,,,,,,,,,,,,,,,,,,,,,,,,3,1,4,1,1,204,1,1,3,6,6,14,0,6,32,13
,,,,,,,,,,,,,,,,,,,,,,,,,,,,,,,,,,,,,,,,,,,,,,,,,,,,,,,,,,,,,,,,,,,,,,,,,,,,,,,,,,,,2,1,0,2,1,204,1,1,0,6,6,14,0,10,3,13
,,,,,,,,,,,,,,,,,,,,,,,,,,,,,,,,,,,,,,,,,,,,,,,,,,,,,,,,,,,,,,,,,,,,,,,,,,,,,,,,,,,,3,1,0,2,1,204,1,1,0,6,6,14,0,9,16,13
1,,,,,,,,,,,,,,,,,,,,,,,,,,,,22.5,,,,,,,,,,,,,,,,,,,,,,,,,,,,045,,,,,,,,,,,,,,,,,,,,,,,,,,,,2,1,1,1,1,204,1,1,1,6,6,14,30,6,26,12
,,,,,,,,,,,,,,,,,,,,,,,,,,,,,,,,,,,,,,,,,,,,,,,,,,,,,,,,,,,,,,,,,,,,,,,,,,,,,,,,,,,,2,1,0,2,1,204,1,1,0,6,6,14,0,9,50,12
,,,,,,,,,,,,,,,,,,,,,,,,,,,,,,,,,,,,,,,,,,,,,,,,,,,,,,,,,,,,,,,,,,,,,,,,,,,,,,,,,,,,2,1,0,1,1,204,1,2,0,6,6,14,30,7,15,12
,,,,,,,,,,,,,,,,,,,,,,,,,,,,,,,,,,,,,,,,,,,,,,,,,,,,,,,,,,,,,,,,,,,,,,,,,,,,,,,,,,,,3,1,0,2,1,204,1,2,0,6,6,14,0,8,30,12
,,,,,,,,,,,,,,,,,,,,,,,,,,,,,,,,,,,,,,,,,,,,,,,,,,,,,,,,,,,,,,,,,,,,,,,,,,,,,,,,,,,,2,2,0,2,1,270,1,1,0,6,7,14,0,12,0,14
0,0,0,,,,,,,,,,,,,,,,,,,,,,,,,,21.6,20,18.5,,,,,,,,,,,,,,,,,,,,,,,,,,078,078,078,,,,,,,,,,,,,,,,,,,,,,,,,,3,2,3,2,1,270,1,1,3,6,7,14,30,6,0,14
0,0,0,0,0,0,,,,,,,,,,,,,,,,,,,,,,,24.5,26.5,22.7,27.4,20.2,19.8,,,,,,,,,,,,,,,,,,,,,,,035,035,035,035,035,035,,,,,,,,,,,,,,,,,,,,,,,2,2,6,1,1,204,1,1,2,6,7,14,0,10,55,18
0,,,,,,,,,,,,,,,,,,,,,,,,,,,,,,,,,,,,,,,,,,,,,,,,,,,,,,,,049,,,,,,,,,,,,,,,,,,,,,,,,,,,,3,1,1,1,1,258,1,1,1,6,9,14,30,8,13,15
,,,,,,,,,,,,,,,,,,,,,,,,,,,,,,,,,,,,,,,,,,,,,,,,,,,,,,,,,,,,,,,,,,,,,,,,,,,,,,,,,,,,2,1,0,1,1,258,1,1,0,6,9,14,15,8,0,14
0,,,,,,,,,,,,,,,,,,,,,,,,,,,,17.1,,,,,,,,,,,,,,,,,,,,,,,,,,,,078,,,,,,,,,,,,,,,,,,,,,,,,,,,,2,1,1,2,1,258,1,1,1,6,9,14,0,8,24,14
,,,,,,,,,,,,,,,,,,,,,,,,,,,,,,,,,,,,,,,,,,,,,,,,,,,,,,,,,,,,,,,,,,,,,,,,,,,,,,,,,,,,2,1,0,2,1,204,1,1,0,6,9,14,30,7,43,16
,,,,,,,,,,,,,,,,,,,,,,,,,,,,,,,,,,,,,,,,,,,,,,,,,,,,,,,,,,,,,,,,,,,,,,,,,,,,,,,,,,,,3,1,0,2,2,204,1,1,0,6,9,14,0,7,43,16
,,,,,,,,,,,,,,,,,,,,,,,,,,,,,,,,,,,,,,,,,,,,,,,,,,,,,,,,,,,,,,,,,,,,,,,,,,,,,,,,,,,,3,1,0,2,2,204,1,1,0,6,9,14,30,7,50,16
,,,,,,,,,,,,,,,,,,,,,,,,,,,,,,,,,,,,,,,,,,,,,,,,,,,,,,,,,,,,,,,,,,,,,,,,,,,,,,,,,,,,2,1,0,2,2,204,1,1,0,6,9,14,0,9,50,16
,,,,,,,,,,,,,,,,,,,,,,,,,,,,,,,,,,,,,,,,,,,,,,,,,,,,,,,,,,,,,,,,,,,,,,,,,,,,,,,,,,,,3,1,0,2,2,204,1,1,0,6,9,14,30,8,17,16
,,,,,,,,,,,,,,,,,,,,,,,,,,,,,,,,,,,,,,,,,,,,,,,,,,,,,,,,,,,,,,,,,,,,,,,,,,,,,,,,,,,,3,1,0,2,2,204,1,1,0,6,9,14,0,8,31,16
,,,,,,,,,,,,,,,,,,,,,,,,,,,,,,,,,,,,,,,,,,,,,,,,,,,,,,,,,,,,,,,,,,,,,,,,,,,,,,,,,,,,2,1,0,2,2,204,1,1,0,6,9,14,0,9,5,18
,,,,,,,,,,,,,,,,,,,,,,,,,,,,,,,,,,,,,,,,,,,,,,,,,,,,,,,,,,,,,,,,,,,,,,,,,,,,,,,,,,,,2,1,0,2,1,204,1,1,0,6,9,14,30,10,13,18
,,,,,,,,,,,,,,,,,,,,,,,,,,,,,,,,,,,,,,,,,,,,,,,,,,,,,,,,,,,,,,,,,,,,,,,,,,,,,,,,,,,,3,1,0,2,1,204,1,1,0,6,9,14,30,9,25,17
,,,,,,,,,,,,,,,,,,,,,,,,,,,,,,,,,,,,,,,,,,,,,,,,,,,,,,,,,,,,,,,,,,,,,,,,,,,,,,,,,,,,4,1,0,2,1,204,1,1,0,6,9,14,30,8,50,17
,,,,,,,,,,,,,,,,,,,,,,,,,,,,,,,,,,,,,,,,,,,,,,,,,,,,,,,,,,,,,,,,,,,,,,,,,,,,,,,,,,,,3,1,0,2,1,204,1,1,0,6,9,14,30,9,23,17
,,,,,,,,,,,,,,,,,,,,,,,,,,,,,,,,,,,,,,,,,,,,,,,,,,,,,,,,,,,,,,,,,,,,,,,,,,,,,,,,,,,,3,1,0,2,1,204,1,1,0,6,9,14,0,7,25,17
,,,,,,,,,,,,,,,,,,,,,,,,,,,,,,,,,,,,,,,,,,,,,,,,,,,,,,,,,,,,,,,,,,,,,,,,,,,,,,,,,,,,3,1,0,2,2,204,1,1,0,6,9,14,0,7,11,17
,,,,,,,,,,,,,,,,,,,,,,,,,,,,,,,,,,,,,,,,,,,,,,,,,,,,,,,,,,,,,,,,,,,,,,,,,,,,,,,,,,,,2,1,0,2,1,204,1,1,0,6,9,14,30,14,15,17
,,,,,,,,,,,,,,,,,,,,,,,,,,,,,,,,,,,,,,,,,,,,,,,,,,,,,,,,,,,,,,,,,,,,,,,,,,,,,,,,,,,,1,1,0,2,1,204,1,1,0,6,9,14,0,7,5,17
,,,,,,,,,,,,,,,,,,,,,,,,,,,,,,,,,,,,,,,,,,,,,,,,,,,,,,,,,,,,,,,,,,,,,,,,,,,,,,,,,,,,3,1,0,2,1,204,1,1,0,6,9,14,0,9,11,17
,,,,,,,,,,,,,,,,,,,,,,,,,,,,,,,,,,,,,,,,,,,,,,,,,,,,,,,,,,,,,,,,,,,,,,,,,,,,,,,,,,,,2,1,0,2,1,204,1,1,0,6,12,14,75,7,28,8
,,,,,,,,,,,,,,,,,,,,,,,,,,,,,,,,,,,,,,,,,,,,,,,,,,,,,,,,,,,,,,,,,,,,,,,,,,,,,,,,,,,,3,1,0,2,1,204,1,1,0,6,12,14,45,7,28,8
,,,,,,,,,,,,,,,,,,,,,,,,,,,,,,,,,,,,,,,,,,,,,,,,,,,,,,,,,,,,,,,,,,,,,,,,,,,,,,,,,,,,3,1,0,2,1,204,1,1,0,6,12,14,45,7,28,8
,,,,,,,,,,,,,,,,,,,,,,,,,,,,,,,,,,,,,,,,,,,,,,,,,,,,,,,,,,,,,,,,,,,,,,,,,,,,,,,,,,,,2,2,0,2,2,204,1,1,0,6,14,14,30,7,16,14
,,,,,,,,,,,,,,,,,,,,,,,,,,,,,,,,,,,,,,,,,,,,,,,,,,,,,,,,,,,,,,,,,,,,,,,,,,,,,,,,,,,,2,2,0,2,2,204,1,1,0,6,14,14,30,7,16,14
,,,,,,,,,,,,,,,,,,,,,,,,,,,,,,,,,,,,,,,,,,,,,,,,,,,,,,,,035,035,035,035,035,,,,,,,,,,,,,,,,,,,,,,,,2,2,5,1,1,204,1,1,2,6,14,14,30,6,16,14
,,,,,,,,,,,,,,,,,,,,,,,,,,,,,,,,,,,,,,,,,,,,,,,,,,,,,,,,,,,,,,,,,,,,,,,,,,,,,,,,,,,,2,2,0,2,1,204,1,1,0,6,14,14,0,11,16,14
0,,,,,,,,,,,,,,,,,,,,,,,,,,,,19.2,,,,,,,,,,,,,,,,,,,,,,,,,,,,078,,,,,,,,,,,,,,,,,,,,,,,,,,,,2,2,1,2,1,204,1,1,1,6,14,14,0,6,3,14
,,,,,,,,,,,,,,,,,,,,,,,,,,,,,,,,,,,,,,,,,,,,,,,,,,,,,,,,,,,,,,,,,,,,,,,,,,,,,,,,,,,,3,2,0,2,1,204,1,1,0,6,14,14,30,9,6,14
,,,,,,,,,,,,,,,,,,,,,,,,,,,,,,,,,,,,,,,,,,,,,,,,,,,,,,,,,,,,,,,,,,,,,,,,,,,,,,,,,,,,2,2,0,2,1,297,1,1,0,6,14,14,0,12,18,15
,,,,,,,,,,,,,,,,,,,,,,,,,,,,,,,,,,,,,,,,,,,,,,,,,,,,,,,,,,,,,,,,,,,,,,,,,,,,,,,,,,,,2,2,0,2,1,258,1,1,0,6,14,14,0,13,10,16
,,,,,,,,,,,,,,,,,,,,,,,,,,,,,,,,,,,,,,,,,,,,,,,,,,,,,,,,,,,,,,,,,,,,,,,,,,,,,,,,,,,,3,2,0,2,2,204,1,1,0,6,14,14,0,16,50,19
,,,,,,,,,,,,,,,,,,,,,,,,,,,,,,,,,,,,,,,,,,,,,,,,,,,,,,,,,,,,,,,,,,,,,,,,,,,,,,,,,,,,2,2,0,2,1,204,1,1,0,6,14,14,0,17,56,19
0,0,0,0,0,0,0,,,,,,,,,,,,,,,,,,,,,,17.7,16.1,18.9,18.1,18.5,18.4,15.3,,,,,,,,,,,,,,,,,,,,,,078,078,078,078,078,078,078,,,,,,,,,,,,,,,,,,,,,,2,1,7,2,1,204,1,1,2,6,20,14,30,11,44,19
,,,,,,,,,,,,,,,,,,,,,,,,,,,,,,,,,,,,,,,,,,,,,,,,,,,,,,,,,,,,,,,,,,,,,,,,,,,,,,,,,,,,1,1,0,2,1,204,1,1,0,6,20,14,0,14,28,20
,,,,,,,,,,,,,,,,,,,,,,,,,,,,,,,,,,,,,,,,,,,,,,,,,,,,,,,,,,,,,,,,,,,,,,,,,,,,,,,,,,,,3,1,0,2,1,258,1,1,0,6,20,14,0,15,50,17
0,0,0,0,0,0,,,,,,,,,,,,,,,,,,,,,,,16,14.7,17.5,15.5,18,20,,,,,,,,,,,,,,,,,,,,,,,078,078,078,078,078,078,,,,,,,,,,,,,,,,,,,,,,,2,1,6,2,1,258,1,1,2,6,20,14,0,12,40,16
,,,,,,,,,,,,,,,,,,,,,,,,,,,,,,,,,,,,,,,,,,,,,,,,,,,,,,,,,,,,,,,,,,,,,,,,,,,,,,,,,,,,4,1,0,1,1,258,1,1,0,6,20,14,0,15,15,17
,,,,,,,,,,,,,,,,,,,,,,,,,,,,,,,,,,,,,,,,,,,,,,,,,,,,,,,,,,,,,,,,,,,,,,,,,,,,,,,,,,,,2,1,0,2,1,204,1,1,0,6,20,14,30,7,10,14
,,,,,,,,,,,,,,,,,,,,,,,,,,,,,,,,,,,,,,,,,,,,,,,,,,,,,,,,,,,,,,,,,,,,,,,,,,,,,,,,,,,,2,1,0,2,1,204,1,1,0,6,20,14,30,7,15,14
,,,,,,,,,,,,,,,,,,,,,,,,,,,,,,,,,,,,,,,,,,,,,,,,,,,,,,,,,,,,,,,,,,,,,,,,,,,,,,,,,,,,2,1,0,2,2,204,1,1,0,6,20,14,30,10,0,14
,,,,,,,,,,,,,,,,,,,,,,,,,,,,,,,,,,,,,,,,,,,,,,,,,,,,,,,,,,,,,,,,,,,,,,,,,,,,,,,,,,,,3,1,0,2,1,204,1,1,0,6,20,14,30,7,7,14
,,,,,,,,,,,,,,,,,,,,,,,,,,,,,,,,,,,,,,,,,,,,,,,,,,,,,,,,,,,,,,,,,,,,,,,,,,,,,,,,,,,,3,2,0,2,2,204,1,1,0,6,22,14,30,12,28,19
,,,,,,,,,,,,,,,,,,,,,,,,,,,,,,,,,,,,,,,,,,,,,,,,,,,,,,,,,,,,,,,,,,,,,,,,,,,,,,,,,,,,3,2,0,9,1,204,1,1,0,6,22,14,30,17,55,19
,,,,,,,,,,,,,,,,,,,,,,,,,,,,,,,,,,,,,,,,,,,,,,,,,,,,,,,,,,,,,,,,,,,,,,,,,,,,,,,,,,,,3,2,0,7,1,258,1,1,0,6,22,14,30,10,55,17
0,0,0,0,,,,,,,,,,,,,,,,,,,,,,,,,7.9,10,9.3,8.1,,,,,,,,,,,,,,,,,,,,,,,,,002,005,005,005,,,,,,,,,,,,,,,,,,,,,,,,,3,2,3,2,1,258,1,1,3,6,22,14,0,15,15,17
,,,,,,,,,,,,,,,,,,,,,,,,,,,,,,,,,,,,,,,,,,,,,,,,,,,,,,,,,,,,,,,,,,,,,,,,,,,,,,,,,,,,4,2,0,7,1,258,1,1,0,6,22,14,0,16,31,17
,,,,,,,,,,,,,,,,,,,,,,,,,,,,,,,,,,,,,,,,,,,,,,,,,,,,,,,,,,,,,,,,,,,,,,,,,,,,,,,,,,,,2,2,0,2,1,258,1,1,0,6,22,14,0,13,39,16
,,,,,,,,,,,,,,,,,,,,,,,,,,,,,,,,,,,,,,,,,,,,,,,,,,,,,,,,,,,,,,,,,,,,,,,,,,,,,,,,,,,,1,2,0,2,1,258,1,1,0,6,22,14,0,12,39,16
0,0,,,,,,,,,,,,,,,,,,,,,,,,,,,16.1,16,,,,,,,,,,,,,,,,,,,,,,,,,,,078,078,,,,,,,,,,,,,,,,,,,,,,,,,,,2,2,2,2,1,297,1,1,2,6,22,14,0,13,30,15
,,,,,,,,,,,,,,,,,,,,,,,,,,,,,,,,,,,,,,,,,,,,,,,,,,,,,,,,,,,,,,,,,,,,,,,,,,,,,,,,,,,,2,2,0,2,1,204,1,1,0,6,22,14,0,9,0,14
,,,,,,,,,,,,,,,,,,,,,,,,,,,,,,,,,,,,,,,,,,,,,,,,,,,,,,,,,,,,,,,,,,,,,,,,,,,,,,,,,,,,3,1,0,2,1,204,1,1,0,6,26,14,0,18,20,20
,,,,,,,,,,,,,,,,,,,,,,,,,,,,,,,,,,,,,,,,,,,,,,,,,,,,,,,,,,,,,,,,,,,,,,,,,,,,,,,,,,,,2,1,0,2,1,204,1,1,0,6,26,14,30,7,40,20
,,,,,,,,,,,,,,,,,,,,,,,,,,,,,,,,,,,,,,,,,,,,,,,,,,,,,,,,,,,,,,,,,,,,,,,,,,,,,,,,,,,,2,1,0,2,1,258,1,1,0,6,26,14,0,12,40,17
0,,,,,,,,,,,,,,,,,,,,,,,,,,,,30,,,,,,,,,,,,,,,,,,,,,,,,,,,,043,,,,,,,,,,,,,,,,,,,,,,,,,,,,1,1,1,2,1,258,1,1,1,6,26,14,0,14,2,19
,,,,,,,,,,,,,,,,,,,,,,,,,,,,,,,,,,,,,,,,,,,,,,,,,,,,,,,,,,,,,,,,,,,,,,,,,,,,,,,,,,,,2,1,0,2,3,204,1,1,0,6,26,14,30,7,28,14
,,,,,,,,,,,,,,,,,,,,,,,,,,,,,,,,,,,,,,,,,,,,,,,,,,,,,,,,,,,,,,,,,,,,,,,,,,,,,,,,,,,,2,1,0,2,1,204,1,1,0,6,26,14,0,10,3,15
,,,,,,,,,,,,,,,,,,,,,,,,,,,,,,,,,,,,,,,,,,,,,,,,,,,,,,,,,,,,,,,,,,,,,,,,,,,,,,,,,,,,2,1,0,2,2,204,1,1,0,6,26,14,30,7,28,14
,,,,,,,,,,,,,,,,,,,,,,,,,,,,,,,,,,,,,,,,,,,,,,,,,,,,,,,,,,,,,,,,,,,,,,,,,,,,,,,,,,,,2,1,0,2,2,204,1,1,0,6,26,14,30,7,28,14
0,,,,,,,,,,,,,,,,,,,,,,,,,,,,18.2,,,,,,,,,,,,,,,,,,,,,,,,,,,,035,,,,,,,,,,,,,,,,,,,,,,,,,,,,1,2,1,1,1,258,1,1,1,6,29,14,0,9,4,13
,,,,,,,,,,,,,,,,,,,,,,,,,,,,,,,,,,,,,,,,,,,,,,,,,,,,,,,,,,,,,,,,,,,,,,,,,,,,,,,,,,,,2,2,0,7,1,258,1,1,0,6,29,14,0,10,35,13
,,,,,,,,,,,,,,,,,,,,,,,,,,,,,,,,,,,,,,,,,,,,,,,,,,,,,,,,,,,,,,,,,,,,,,,,,,,,,,,,,,,,2,2,0,2,1,234,1,1,0,6,29,14,30,10,35,12
,,,,,,,,,,,,,,,,,,,,,,,,,,,,,,,,,,,,,,,,,,,,,,,,,,,,,,,,,,,,,,,,,,,,,,,,,,,,,,,,,,,,2,2,0,2,1,204,1,1,0,6,29,14,0,8,30,10
0,,,,,,,,,,,,,,,,,,,,,,,,,,,,15,,,,,,,,,,,,,,,,,,,,,,,,,,,,078,,,,,,,,,,,,,,,,,,,,,,,,,,,,2,2,1,2,1,204,1,1,1,6,29,14,30,8,25,12
,,,,,,,,,,,,,,,,,,,,,,,,,,,,,,,,,,,,,,,,,,,,,,,,,,,,,,,,,,,,,,,,,,,,,,,,,,,,,,,,,,,,3,2,0,2,2,204,1,1,0,6,29,14,30,6,45,11
,,,,,,,,,,,,,,,,,,,,,,,,,,,,,,,,,,,,,,,,,,,,,,,,,,,,,,,,,,,,,,,,,,,,,,,,,,,,,,,,,,,,3,2,0,2,2,204,1,1,0,6,29,14,0,6,3,12
,,,,,,,,,,,,,,,,,,,,,,,,,,,,,,,,,,,,,,,,,,,,,,,,,,,,,,,,,,,,,,,,,,,,,,,,,,,,,,,,,,,,2,2,0,1,1,204,1,1,0,6,29,14,45,5,22,11
,,,,,,,,,,,,,,,,,,,,,,,,,,,,,,,,,,,,,,,,,,,,,,,,,,,,,,,,,,,,,,,,,,,,,,,,,,,,,,,,,,,,2,2,0,2,1,204,1,1,0,6,29,14,30,6,41,11
,,,,,,,,,,,,,,,,,,,,,,,,,,,,,,,,,,,,,,,,,,,,,,,,,,,,,,,,,,,,,,,,,,,,,,,,,,,,,,,,,,,,2,2,0,2,1,204,1,1,0,6,29,14,30,7,17,10
,,,,,,,,,,,,,,,,,,,,,,,,,,,,,,,,,,,,,,,,,,,,,,,,,,,,,,,,,,,,,,,,,,,,,,,,,,,,,,,,,,,,2,2,0,2,1,204,1,1,0,6,29,14,30,7,59,10
,,,,,,,,,,,,,,,,,,,,,,,,,,,,,,,,,,,,,,,,,,,,,,,,,,,,,,,,,,,,,,,,,,,,,,,,,,,,,,,,,,,,2,1,0,2,2,204,1,1,0,7,2,14,0,11,26,19
,,,,,,,,,,,,,,,,,,,,,,,,,,,,,,,,,,,,,,,,,,,,,,,,,,,,,,,,,,,,,,,,,,,,,,,,,,,,,,,,,,,,2,1,0,2,1,204,1,1,0,7,2,14,30,10,42,18
,,,,,,,,,,,,,,,,,,,,,,,,,,,,,,,,,,,,,,,,,,,,,,,,,,,,,,,,,,,,,,,,,,,,,,,,,,,,,,,,,,,,2,1,0,7,1,204,1,1,0,7,2,14,0,16,48,18
,,,,,,,,,,,,,,,,,,,,,,,,,,,,,,,,,,,,,,,,,,,,,,,,,,,,,,,,,,,,,,,,,,,,,,,,,,,,,,,,,,,,2,1,0,7,1,258,1,1,0,7,2,14,55,16,10,17
,,,,,,,,,,,,,,,,,,,,,,,,,,,,,,,,,,,,,,,,,,,,,,,,,,,,,,,,,,,,,,,,,,,,,,,,,,,,,,,,,,,,3,1,0,7,1,258,1,1,0,7,2,14,0,10,55,17
,,,,,,,,,,,,,,,,,,,,,,,,,,,,,,,,,,,,,,,,,,,,,,,,,,,,,,,,,,,,,,,,,,,,,,,,,,,,,,,,,,,,2,1,0,7,1,258,1,1,0,7,2,14,0,15,0,16
,,,,,,,,,,,,,,,,,,,,,,,,,,,,,,,,,,,,,,,,,,,,,,,,,,,,,,,,,,,,,,,,,,,,,,,,,,,,,,,,,,,,2,1,0,7,1,258,1,1,0,7,2,14,0,12,30,16
,,,,,,,,,,,,,,,,,,,,,,,,,,,,,,,,,,,,,,,,,,,,,,,,,,,,,,,,,,,,,,,,,,,,,,,,,,,,,,,,,,,,2,2,0,1,1,258,1,1,0,7,4,14,30,6,21,13
0,0,,,,,,,,,,,,,,,,,,,,,,,,,,,36.2,22,,,,,,,,,,,,,,,,,,,,,,,,,,,035,035,,,,,,,,,,,,,,,,,,,,,,,,,,,3,2,2,1,1,258,1,1,2,7,4,14,0,6,30,12
,,,,,,,,,,,,,,,,,,,,,,,,,,,,,,,,,,,,,,,,,,,,,,,,,,,,,,,,,,,,,,,,,,,,,,,,,,,,,,,,,,,,1,2,0,2,1,258,1,1,0,7,4,14,30,10,0,13
0,0,0,0,0,,,,,,,,,,,,,,,,,,,,,,,,17.2,15.1,15.5,15.9,14.5,,,,,,,,,,,,,,,,,,,,,,,,078,078,078,078,078,,,,,,,,,,,,,,,,,,,,,,,,1,2,5,2,1,204,1,1,1,7,4,14,30,6,11,10
0,0,,,,,,,,,,,,,,,,,,,,,,,,,,,16,18,,,,,,,,,,,,,,,,,,,,,,,,,,,078,078,,,,,,,,,,,,,,,,,,,,,,,,,,,3,2,2,2,1,204,1,1,2,7,4,14,0,5,21,10
,,,,,,,,,,,,,,,,,,,,,,,,,,,,,,,,,,,,,,,,,,,,,,,,,,,,,,,,,,,,,,,,,,,,,,,,,,,,,,,,,,,,2,2,0,2,1,204,1,1,0,7,4,14,0,8,10,11
0,0,0,0,0,,,,,,,,,,,,,,,,,,,,,,,,33.3,28.1,19,17,20.5,,,,,,,,,,,,,,,,,,,,,,,,043,043,078,078,078,,,,,,,,,,,,,,,,,,,,,,,,3,2,5,2,1,204,1,1,3,7,4,14,0,6,20,11
,,,,,,,,,,,,,,,,,,,,,,,,,,,,,,,,,,,,,,,,,,,,,,,,,,,,,,,,,,,,,,,,,,,,,,,,,,,,,,,,,,,,3,2,0,2,1,204,1,1,0,7,4,14,0,6,15,9
0,,,,,,,,,,,,,,,,,,,,,,,,,,,,42,,,,,,,,,,,,,,,,,,,,,,,,,,,,035,,,,,,,,,,,,,,,,,,,,,,,,,,,,1,2,1,1,1,204,1,1,1,7,4,14,30,6,45,9
,,,,,,,,,,,,,,,,,,,,,,,,,,,,,,,,,,,,,,,,,,,,,,,,,,,,,,,,,,,,,,,,,,,,,,,,,,,,,,,,,,,,1,2,0,2,1,204,1,1,0,7,4,14,0,6,10,9
0,,,,,,,,,,,,,,,,,,,,,,,,,,,,16.2,,,,,,,,,,,,,,,,,,,,,,,,,,,,078,,,,,,,,,,,,,,,,,,,,,,,,,,,,3,2,1,2,1,204,1,1,1,7,4,14,0,5,10,9
,,,,,,,,,,,,,,,,,,,,,,,,,,,,,,,,,,,,,,,,,,,,,,,,,,,,,,,,,,,,,,,,,,,,,,,,,,,,,,,,,,,,1,2,0,7,1,297,1,1,0,7,4,14,30,7,0,8
,,,,,,,,,,,,,,,,,,,,,,,,,,,,,,,,,,,,,,,,,,,,,,,,,,,,,,,,,,,,,,,,,,,,,,,,,,,,,,,,,,,,2,2,0,7,1,204,1,1,0,7,6,14,45,11,0,12
0,0,0,,,,,,,,,,,,,,,,,,,,,,,,,,19.6,17.6,18.1,,,,,,,,,,,,,,,,,,,,,,,,,,078,078,078,,,,,,,,,,,,,,,,,,,,,,,,,,1,2,3,2,1,204,1,1,1,7,6,14,0,8,20,11
,,,,,,,,,,,,,,,,,,,,,,,,,,,,,,,,,,,,,,,,,,,,,,,,,,,,,,,,,,,,,,,,,,,,,,,,,,,,,,,,,,,,3,2,0,7,2,204,1,1,0,7,6,14,45,11,0,12
,,,,,,,,,,,,,,,,,,,,,,,,,,,,,,,,,,,,,,,,,,,,,,,,,,,,,,,,,,,,,,,,,,,,,,,,,,,,,,,,,,,,2,1,0,7,1,204,1,1,0,7,7,14,0,6,11,13
,,,,,,,,,,,,,,,,,,,,,,,,,,,,,,,,,,,,,,,,,,,,,,,,,,,,,,,,,,,,,,,,,,,,,,,,,,,,,,,,,,,,3,2,0,2,1,204,1,1,0,7,7,14,30,9,75,13
0,0,0,,,,,,,,,,,,,,,,,,,,,,,,,,17.3,24.8,34.7,,,,,,,,,,,,,,,,,,,,,,,,,,078,078,043,,,,,,,,,,,,,,,,,,,,,,,,,,2,1,3,2,1,204,1,1,2,7,7,14,0,9,27,13
,,,,,,,,,,,,,,,,,,,,,,,,,,,,,,,,,,,,,,,,,,,,,,,,,,,,,,,,,,,,,,,,,,,,,,,,,,,,,,,,,,,,2,1,0,2,1,204,1,1,0,7,11,14,30,16,31,20
,,,,,,,,,,,,,,,,,,,,,,,,,,,,,,,,,,,,,,,,,,,,,,,,,,,,,,,,,,,,,,,,,,,,,,,,,,,,,,,,,,,,2,1,0,2,1,258,1,1,0,7,11,14,0,12,57,17
0,0,,,,,,,,,,,,,,,,,,,,,,,,,,,31,8.1,,,,,,,,,,,,,,,,,,,,,,,,,,,043,076,,,,,,,,,,,,,,,,,,,,,,,,,,,4,1,2,2,2,297,1,1,2,7,11,14,20,11,1,16
,,,,,,,,,,,,,,,,,,,,,,,,,,,,,,,,,,,,,,,,,,,,,,,,,,,,,,,,,,,,,,,,,,,,,,,,,,,,,,,,,,,,2,1,0,7,1,204,1,1,0,7,11,14,45,13,5,14
,,,,,,,,,,,,,,,,,,,,,,,,,,,,,,,,,,,,,,,,,,,,,,,,,,,,,,,,,,,,,,,,,,,,,,,,,,,,,,,,,,,,1,1,0,7,1,204,1,1,0,7,11,14,45,13,5,14
,,,,,,,,,,,,,,,,,,,,,,,,,,,,,,,,,,,,,,,,,,,,,,,,,,,,,,,,,,,,,,,,,,,,,,,,,,,,,,,,,,,,2,2,0,7,1,258,1,1,0,7,12,14,30,10,30,13
,,,,,,,,,,,,,,,,,,,,,,,,,,,,,,,,,,,,,,,,,,,,,,,,,,,,,,,,,,,,,,,,,,,,,,,,,,,,,,,,,,,,1,2,0,2,1,258,1,1,0,7,12,14,30,8,33,13
,,,,,,,,,,,,,,,,,,,,,,,,,,,,,,,,,,,,,,,,,,,,,,,,,,,,,,,,,,,,,,,,,,,,,,,,,,,,,,,,,,,,2,2,0,2,1,204,1,1,0,7,12,14,0,7,0,13
,,,,,,,,,,,,,,,,,,,,,,,,,,,,,,,,,,,,,,,,,,,,,,,,,,,,,,,,,,,,,,,,,,,,,,,,,,,,,,,,,,,,1,2,0,2,1,204,1,1,0,7,12,14,30,7,0,13
,,,,,,,,,,,,,,,,,,,,,,,,,,,,,,,,,,,,,,,,,,,,,,,,,,,,,,,,,,,,,,,,,,,,,,,,,,,,,,,,,,,,3,2,0,2,2,204,1,1,0,7,12,14,30,9,42,12
0,0,,,,,,,,,,,,,,,,,,,,,,,,,,,,,,,,,,,,,,,,,,,,,,,,,,,,,,,035,035,,,,,,,,,,,,,,,,,,,,,,,,,,,2,2,2,1,1,204,1,1,2,7,12,14,30,8,45,12
,,,,,,,,,,,,,,,,,,,,,,,,,,,,,,,,,,,,,,,,,,,,,,,,,,,,,,,,,,,,,,,,,,,,,,,,,,,,,,,,,,,,2,2,0,2,1,204,1,1,0,7,12,14,0,9,31,12
,,,,,,,,,,,,,,,,,,,,,,,,,,,,,,,,,,,,,,,,,,,,,,,,,,,,,,,,,,,,,,,,,,,,,,,,,,,,,,,,,,,,3,2,0,2,1,204,1,1,0,7,12,14,0,8,40,12
0,0,0,0,0,0,0,0,,,,,,,,,,,,,,,,,,,,,15.8,23.2,19,16.7,17.8,21.6,19,23.6,,,,,,,,,,,,,,,,,,,,,035,045,035,035,035,035,035,035,,,,,,,,,,,,,,,,,,,,,3,2,8,1,1,204,1,1,3,7,12,14,45,5,15,12
,,,,,,,,,,,,,,,,,,,,,,,,,,,,,,,,,,,,,,,,,,,,,,,,,,,,,,,,,,,,,,,,,,,,,,,,,,,,,,,,,,,,2,2,0,2,1,204,1,1,0,7,12,14,0,7,31,12
0,,,,,,,,,,,,,,,,,,,,,,,,,,,,29.3,,,,,,,,,,,,,,,,,,,,,,,,,,,,043,,,,,,,,,,,,,,,,,,,,,,,,,,,,2,2,1,2,1,204,1,1,1,7,12,14,30,6,45,11
,,,,,,,,,,,,,,,,,,,,,,,,,,,,,,,,,,,,,,,,,,,,,,,,,,,,,,,,,,,,,,,,,,,,,,,,,,,,,,,,,,,,4,2,0,2,1,204,1,1,0,7,12,14,0,8,14,12
0,0,0,,,,,,,,,,,,,,,,,,,,,,,,,,23.2,30.1,33.5,,,,,,,,,,,,,,,,,,,,,,,,,,078,043,043,,,,,,,,,,,,,,,,,,,,,,,,,,2,2,3,2,1,204,1,1,2,7,12,14,45,5,43,11
0,0,,,,,,,,,,,,,,,,,,,,,,,,,,,35.2,24.5,,,,,,,,,,,,,,,,,,,,,,,,,,,043,045,,,,,,,,,,,,,,,,,,,,,,,,,,,2,2,2,2,1,204,1,1,2,7,12,14,15,7,45,11
,,,,,,,,,,,,,,,,,,,,,,,,,,,,,,,,,,,,,,,,,,,,,,,,,,,,,,,,,,,,,,,,,,,,,,,,,,,,,,,,,,,,2,2,0,7,1,204,1,1,0,7,12,14,30,7,30,11
1,,,,,,,,,,,,,,,,,,,,,,,,,,,,24.2,,,,,,,,,,,,,,,,,,,,,,,,,,,,045,,,,,,,,,,,,,,,,,,,,,,,,,,,,2,2,1,2,1,204,1,2,1,7,12,14,0,9,30,11
,,,,,,,,,,,,,,,,,,,,,,,,,,,,,,,,,,,,,,,,,,,,,,,,,,,,,,,,,,,,,,,,,,,,,,,,,,,,,,,,,,,,2,2,0,2,1,204,1,1,0,7,12,14,30,8,20,11
0,0,0,0,,,,,,,,,,,,,,,,,,,,,,,,,28.2,26.7,18.4,21.2,,,,,,,,,,,,,,,,,,,,,,,,,035,035,035,035,,,,,,,,,,,,,,,,,,,,,,,,,2,2,4,1,1,204,1,1,2,7,12,14,0,7,24,11
0,0,0,,,,,,,,,,,,,,,,,,,,,,,,,,16.5,16,18,,,,,,,,,,,,,,,,,,,,,,,,,,078,078,078,,,,,,,,,,,,,,,,,,,,,,,,,,2,2,3,2,1,297,1,1,2,7,12,14,0,5,40,9
,,,,,,,,,,,,,,,,,,,,,,,,,,,,,,,,,,,,,,,,,,,,,,,,,,,,,,,,,,,,,,,,,,,,,,,,,,,,,,,,,,,,1,1,0,2,1,234,1,1,0,7,17,14,30,14,45,17
0,0,0,0,0,0,,,,,,,,,,,,,,,,,,,,,,,20.9,23.8,21.2,20.6,24.6,25.2,,,,,,,,,,,,,,,,,,,,,,,035,035,035,035,035,035,,,,,,,,,,,,,,,,,,,,,,,2,1,6,1,1,258,1,1,2,7,17,14,45,6,10,10
0,,,,,,,,,,,,,,,,,,,,,,,,,,,,17.8,,,,,,,,,,,,,,,,,,,,,,,,,,,,035,,,,,,,,,,,,,,,,,,,,,,,,,,,,2,1,1,1,1,258,1,1,1,7,17,14,0,4,57,10
,,,,,,,,,,,,,,,,,,,,,,,,,,,,,,,,,,,,,,,,,,,,,,,,,,,,,,,,,,,,,,,,,,,,,,,,,,,,,,,,,,,,1,2,0,2,1,258,1,1,0,7,19,14,45,17,30,18
,,,,,,,,,,,,,,,,,,,,,,,,,,,,,,,,,,,,,,,,,,,,,,,,,,,,,,,,,,,,,,,,,,,,,,,,,,,,,,,,,,,,5,2,0,2,1,258,1,1,0,7,19,14,0,11,30,16
,,,,,,,,,,,,,,,,,,,,,,,,,,,,,,,,,,,,,,,,,,,,,,,,,,,,,,,,,,,,,,,,,,,,,,,,,,,,,,,,,,,,2,2,0,2,1,204,1,1,0,7,19,14,0,10,25,15
,,,,,,,,,,,,,,,,,,,,,,,,,,,,,,,,,,,,,,,,,,,,,,,,,,,,,,,,,,,,,,,,,,,,,,,,,,,,,,,,,,,,2,2,0,7,1,204,1,1,0,7,19,14,10,15,20,15
,,,,,,,,,,,,,,,,,,,,,,,,,,,,,,,,,,,,,,,,,,,,,,,,,,,,,,,,,,,,,,,,,,,,,,,,,,,,,,,,,,,,1,2,0,2,1,204,1,1,0,7,19,14,0,6,23,15
,,,,,,,,,,,,,,,,,,,,,,,,,,,,,,,,,,,,,,,,,,,,,,,,,,,,,,,,,,,,,,,,,,,,,,,,,,,,,,,,,,,,3,2,0,2,2,204,1,1,0,7,19,14,0,7,14,14
,,,,,,,,,,,,,,,,,,,,,,,,,,,,,,,,,,,,,,,,,,,,,,,,,,,,,,,,,,,,,,,,,,,,,,,,,,,,,,,,,,,,2,2,0,2,1,204,1,1,0,7,19,14,0,7,15,15
0,0,,,,,,,,,,,,,,,,,,,,,,,,,,,27.2,29.5,,,,,,,,,,,,,,,,,,,,,,,,,,,043,043,,,,,,,,,,,,,,,,,,,,,,,,,,,1,2,2,2,1,234,1,1,1,7,19,14,30,8,0,14
0,0,0,0,0,0,0,0,0,0,0,,,,,,,,,,,,,,,,,,12.2,11.3,12.5,12.6,10.8,12.3,11.2,10.8,12.6,12.4,11.2,,,,,,,,,,,,,,,,,,078,078,078,078,078,078,078,078,078,078,078,,,,,,,,,,,,,,,,,,1,1,11,9,1,297,1,1,1,7,24,14,0,16,44,19
0,0,0,,,,,,,,,,,,,,,,,,,,,,,,,,26,26.5,8.3,,,,,,,,,,,,,,,,,,,,,,,,,,043,043,076,,,,,,,,,,,,,,,,,,,,,,,,,,3,1,3,9,1,204,1,1,2,7,24,14,0,11,25,18
,,,,,,,,,,,,,,,,,,,,,,,,,,,,,,,,,,,,,,,,,,,,,,,,,,,,,,,,,,,,,,,,,,,,,,,,,,,,,,,,,,,,4,1,0,2,1,204,1,1,0,7,24,14,30,8,45,16
,,,,,,,,,,,,,,,,,,,,,,,,,,,,,,,,,,,,,,,,,,,,,,,,,,,,,,,,,,,,,,,,,,,,,,,,,,,,,,,,,,,,1,1,0,2,1,204,1,1,0,7,24,14,0,9,20,17
,,,,,,,,,,,,,,,,,,,,,,,,,,,,,,,,,,,,,,,,,,,,,,,,,,,,,,,,,,,,,,,,,,,,,,,,,,,,,,,,,,,,3,1,0,2,1,234,1,1,0,7,24,14,0,11,1,16
,,,,,,,,,,,,,,,,,,,,,,,,,,,,,,,,,,,,,,,,,,,,,,,,,,,,,,,,,,,,,,,,,,,,,,,,,,,,,,,,,,,,2,1,0,2,1,234,1,1,0,7,24,14,0,15,0,16
0,0,0,0,0,0,,,,,,,,,,,,,,,,,,,,,,,25.7,17.1,19.2,17.1,17.3,16.5,,,,,,,,,,,,,,,,,,,,,,,035,035,035,035,035,035,,,,,,,,,,,,,,,,,,,,,,,2,1,6,1,1,234,1,1,2,7,24,14,0,7,1,16
,,,,,,,,,,,,,,,,,,,,,,,,,,,,,,,,,,,,,,,,,,,,,,,,,,,,,,,,,,,,,,,,,,,,,,,,,,,,,,,,,,,,2,1,0,7,1,258,1,1,0,7,24,14,0,13,44,15
,,,,,,,,,,,,,,,,,,,,,,,,,,,,,,,,,,,,,,,,,,,,,,,,,,,,,,,,,,,,,,,,,,,,,,,,,,,,,,,,,,,,2,1,0,7,1,258,1,1,0,7,24,14,30,10,15,14
,,,,,,,,,,,,,,,,,,,,,,,,,,,,,,,,,,,,,,,,,,,,,,,,,,,,,,,,,,,,,,,,,,,,,,,,,,,,,,,,,,,,2,1,0,7,1,258,1,1,0,7,24,14,0,13,55,14
0,0,0,0,0,,,,,,,,,,,,,,,,,,,,,,,,15.2,16.9,16.7,18.4,18.7,,,,,,,,,,,,,,,,,,,,,,,,035,035,035,035,035,,,,,,,,,,,,,,,,,,,,,,,,2,2,5,1,1,258,1,1,2,7,24,14,30,7,4,14
,,,,,,,,,,,,,,,,,,,,,,,,,,,,,,,,,,,,,,,,,,,,,,,,,,,,,,,,,,,,,,,,,,,,,,,,,,,,,,,,,,,,2,1,0,2,1,258,1,1,0,7,24,14,0,7,10,14
,,,,,,,,,,,,,,,,,,,,,,,,,,,,,,,,,,,,,,,,,,,,,,,,,,,,,,,,,,,,,,,,,,,,,,,,,,,,,,,,,,,,3,2,0,2,3,234,1,1,0,7,26,14,0,14,45,17
,,,,,,,,,,,,,,,,,,,,,,,,,,,,,,,,,,,,,,,,,,,,,,,,,,,,,,,,,,,,,,,,,,,,,,,,,,,,,,,,,,,,2,2,0,7,1,258,1,1,0,7,27,14,30,13,40,14
0,0,0,0,,,,,,,,,,,,,,,,,,,,,,,,,24.2,25.3,20.4,18.1,,,,,,,,,,,,,,,,,,,,,,,,,035,035,035,035,,,,,,,,,,,,,,,,,,,,,,,,,2,1,4,1,1,258,1,1,2,8,1,14,30,8,30,13
,,,,,,,,,,,,,,,,,,,,,,,,,,,,,,,,,,,,,,,,,,,,,,,,,,,,,,,,,,,,,,,,,,,,,,,,,,,,,,,,,,,,1,1,0,2,1,204,1,1,0,8,1,14,0,7,25,10
,,,,,,,,,,,,,,,,,,,,,,,,,,,,,,,,,,,,,,,,,,,,,,,,,,,,,,,,,,,,,,,,,,,,,,,,,,,,,,,,,,,,2,1,0,7,1,204,1,1,0,8,1,14,0,10,0,11
,,,,,,,,,,,,,,,,,,,,,,,,,,,,,,,,,,,,,,,,,,,,,,,,,,,,,,,,,,,,,,,,,,,,,,,,,,,,,,,,,,,,2,2,0,2,2,270,1,2,0,8,3,14,0,12,32,13
,,,,,,,,,,,,,,,,,,,,,,,,,,,,,,,,,,,,,,,,,,,,,,,,,,,,,,,,,,,,,,,,,,,,,,,,,,,,,,,,,,,,1,2,0,7,1,258,1,1,0,8,3,14,30,11,49,12
,,,,,,,,,,,,,,,,,,,,,,,,,,,,,,,,,,,,,,,,,,,,,,,,,,,,,,,,,,,,,,,,,,,,,,,,,,,,,,,,,,,,4,2,0,7,1,258,1,1,0,8,3,14,30,11,10,13
,,,,,,,,,,,,,,,,,,,,,,,,,,,,,,,,,,,,,,,,,,,,,,,,,,,,,,,,,,,,,,,,,,,,,,,,,,,,,,,,,,,,2,2,0,1,1,258,1,1,0,8,3,14,45,4,23,11
,,,,,,,,,,,,,,,,,,,,,,,,,,,,,,,,,,,,,,,,,,,,,,,,,,,,,,,,,,,,,,,,,,,,,,,,,,,,,,,,,,,,2,2,0,7,1,258,1,1,0,8,3,14,30,9,25,11
,,,,,,,,,,,,,,,,,,,,,,,,,,,,,,,,,,,,,,,,,,,,,,,,,,,,,,,,,,,,,,,,,,,,,,,,,,,,,,,,,,,,4,2,0,7,1,258,1,1,0,8,3,14,30,8,2,11
0,,,,,,,,,,,,,,,,,,,,,,,,,,,,27,,,,,,,,,,,,,,,,,,,,,,,,,,,,043,,,,,,,,,,,,,,,,,,,,,,,,,,,,2,2,1,2,1,258,1,1,1,8,3,14,0,7,2,11
0,0,0,,,,,,,,,,,,,,,,,,,,,,,,,,,,,,,,,,,,,,,,,,,,,,,,,,,,,,078,078,078,,,,,,,,,,,,,,,,,,,,,,,,,,3,2,3,2,1,204,1,1,3,8,3,14,30,6,31,10
,,,,,,,,,,,,,,,,,,,,,,,,,,,,,,,,,,,,,,,,,,,,,,,,,,,,,,,,,,,,,,,,,,,,,,,,,,,,,,,,,,,,2,2,0,7,1,204,1,1,0,8,3,14,0,10,31,10
0,0,0,,,,,,,,,,,,,,,,,,,,,,,,,,22,19,9.7,,,,,,,,,,,,,,,,,,,,,,,,,,078,078,047,,,,,,,,,,,,,,,,,,,,,,,,,,2,2,3,2,1,204,1,1,2,8,3,14,30,7,0,10
,,,,,,,,,,,,,,,,,,,,,,,,,,,,,,,,,,,,,,,,,,,,,,,,,,,,,,,,,,,,,,,,,,,,,,,,,,,,,,,,,,,,1,2,0,2,1,204,1,1,0,8,3,14,30,6,10,10
0,0,0,,,,,,,,,,,,,,,,,,,,,,,,,,21.7,16.2,34.2,,,,,,,,,,,,,,,,,,,,,,,,,,078,078,043,,,,,,,,,,,,,,,,,,,,,,,,,,3,1,3,2,1,204,1,1,3,8,4,14,30,6,30,17
,,,,,,,,,,,,,,,,,,,,,,,,,,,,,,,,,,,,,,,,,,,,,,,,,,,,,,,,,,,,,,,,,,,,,,,,,,,,,,,,,,,,4,1,0,2,1,204,1,1,0,8,4,14,0,13,18,17
,,,,,,,,,,,,,,,,,,,,,,,,,,,,,,,,,,,,,,,,,,,,,,,,,,,,,,,,,,,,,,,,,,,,,,,,,,,,,,,,,,,,3,1,0,2,1,204,1,1,0,8,4,14,30,6,30,17
0,,,,,,,,,,,,,,,,,,,,,,,,,,,,,,,,,,,,,,,,,,,,,,,,,,,,,,,,035,,,,,,,,,,,,,,,,,,,,,,,,,,,,2,1,1,1,1,204,1,1,1,8,4,14,0,11,0,16
,,,,,,,,,,,,,,,,,,,,,,,,,,,,,,,,,,,,,,,,,,,,,,,,,,,,,,,,,,,,,,,,,,,,,,,,,,,,,,,,,,,,4,1,0,2,3,204,1,1,0,8,4,14,30,6,58,16
0,0,,,,,,,,,,,,,,,,,,,,,,,,,,,28.1,27.5,,,,,,,,,,,,,,,,,,,,,,,,,,,035,035,,,,,,,,,,,,,,,,,,,,,,,,,,,3,2,2,1,1,204,1,1,2,8,9,14,30,6,56,12
,,,,,,,,,,,,,,,,,,,,,,,,,,,,,,,,,,,,,,,,,,,,,,,,,,,,,,,,,,,,,,,,,,,,,,,,,,,,,,,,,,,,2,2,0,7,1,204,1,1,0,8,9,14,0,12,35,12
0,0,0,0,0,,,,,,,,,,,,,,,,,,,,,,,,,,,,,,,,,,,,,,,,,,,,,,,,,,,,035,035,035,035,035,,,,,,,,,,,,,,,,,,,,,,,,2,2,5,1,1,204,1,1,2,8,9,14,38,9,51,12
0,0,0,0,0,0,,,,,,,,,,,,,,,,,,,,,,,15.3,19.7,19,19.2,24.9,26.8,,,,,,,,,,,,,,,,,,,,,,,035,035,035,035,035,035,,,,,,,,,,,,,,,,,,,,,,,3,2,6,1,1,204,1,1,3,8,9,14,15,5,46,11
1,0,0,0,,,,,,,,,,,,,,,,,,,,,,,,,22.5,25.6,27,24.1,,,,,,,,,,,,,,,,,,,,,,,,,045,035,035,035,,,,,,,,,,,,,,,,,,,,,,,,,2,2,4,1,1,204,1,1,2,8,9,14,0,7,4,12
,,,,,,,,,,,,,,,,,,,,,,,,,,,,,,,,,,,,,,,,,,,,,,,,,,,,,,,,,,,,,,,,,,,,,,,,,,,,,,,,,,,,4,2,0,2,1,204,1,1,0,8,9,14,0,8,24,11
0,0,0,0,0,0,0,0,,,,,,,,,,,,,,,,,,,,,19.3,26.6,15.5,16,16.3,18,8.5,8.4,,,,,,,,,,,,,,,,,,,,,078,078,078,078,078,078,002,002,,,,,,,,,,,,,,,,,,,,,4,2,8,6,1,204,1,1,4,8,9,14,0,7,38,11
0,,,,,,,,,,,,,,,,,,,,,,,,,,,,17.9,,,,,,,,,,,,,,,,,,,,,,,,,,,,035,,,,,,,,,,,,,,,,,,,,,,,,,,,,3,2,1,1,1,204,1,1,1,8,9,14,0,7,5,11
,,,,,,,,,,,,,,,,,,,,,,,,,,,,,,,,,,,,,,,,,,,,,,,,,,,,,,,,,,,,,,,,,,,,,,,,,,,,,,,,,,,,4,2,0,2,1,204,1,1,0,8,9,14,30,6,22,11
0,0,0,,,,,,,,,,,,,,,,,,,,,,,,,,13.5,10,8.9,,,,,,,,,,,,,,,,,,,,,,,,,,076,076,076,,,,,,,,,,,,,,,,,,,,,,,,,,2,2,3,2,1,204,1,1,2,8,9,14,0,9,59,10
,,,,,,,,,,,,,,,,,,,,,,,,,,,,,,,,,,,,,,,,,,,,,,,,,,,,,,,,,,,,,,,,,,,,,,,,,,,,,,,,,,,,2,2,0,2,1,204,1,1,0,8,9,14,0,6,59,10
,,,,,,,,,,,,,,,,,,,,,,,,,,,,,,,,,,,,,,,,,,,,,,,,,,,,,,,,,,,,,,,,,,,,,,,,,,,,,,,,,,,,2,2,0,1,2,258,1,1,0,8,9,14,30,5,30,8
,,,,,,,,,,,,,,,,,,,,,,,,,,,,,,,,,,,,,,,,,,,,,,,,,,,,,,,,,,,,,,,,,,,,,,,,,,,,,,,,,,,,1,1,0,2,1,204,1,1,0,8,14,14,30,7,5,11
,,,,,,,,,,,,,,,,,,,,,,,,,,,,,,,,,,,,,,,,,,,,,,,,,,,,,,,,,,,,,,,,,,,,,,,,,,,,,,,,,,,,2,1,0,2,1,204,1,1,0,8,14,14,0,8,10,12
0,0,0,0,0,0,0,0,0,0,0,0,0,,,,,,,,,,,,,,,,,,,,,,,,,,,,,,,,,,,,,,,,,,,,076,076,076,076,076,076,076,076,076,076,076,076,076,,,,,,,,,,,,,,,,1,1,13,2,1,270,1,1,1,8,15,14,15,18,50,20
,,,,,,,,,,,,,,,,,,,,,,,,,,,,,,,,,,,,,,,,,,,,,,,,,,,,,,,,,,,,,,,,,,,,,,,,,,,,,,,,,,,,2,2,0,2,1,297,1,1,0,8,15,14,0,19,30,20
,,,,,,,,,,,,,,,,,,,,,,,,,,,,,,,,,,,,,,,,,,,,,,,,,,,,,,,,,,,,,,,,,,,,,,,,,,,,,,,,,,,,1,1,0,2,1,204,1,1,0,8,15,14,0,12,30,17
,,,,,,,,,,,,,,,,,,,,,,,,,,,,,,,,,,,,,,,,,,,,,,,,,,,,,,,,,,,,,,,,,,,,,,,,,,,,,,,,,,,,4,1,0,7,1,204,1,1,0,8,15,14,30,15,34,18
0,0,,,,,,,,,,,,,,,,,,,,,,,,,,,,,,,,,,,,,,,,,,,,,,,,,,,,,,,035,035,,,,,,,,,,,,,,,,,,,,,,,,,,,4,1,2,9,1,204,1,1,2,8,15,14,30,10,7,17
,,,,,,,,,,,,,,,,,,,,,,,,,,,,,,,,,,,,,,,,,,,,,,,,,,,,,,,,,,,,,,,,,,,,,,,,,,,,,,,,,,,,2,1,0,2,1,204,1,1,0,8,15,14,0,12,15,17
,,,,,,,,,,,,,,,,,,,,,,,,,,,,,,,,,,,,,,,,,,,,,,,,,,,,,,,,,,,,,,,,,,,,,,,,,,,,,,,,,,,,2,1,0,7,1,258,1,1,0,8,15,14,30,12,0,16
,,,,,,,,,,,,,,,,,,,,,,,,,,,,,,,,,,,,,,,,,,,,,,,,,,,,,,,,,,,,,,,,,,,,,,,,,,,,,,,,,,,,3,1,0,2,2,258,1,1,0,8,15,14,0,8,15,16
,,,,,,,,,,,,,,,,,,,,,,,,,,,,,,,,,,,,,,,,,,,,,,,,,,,,,,,,,,,,,,,,,,,,,,,,,,,,,,,,,,,,4,1,0,1,1,258,1,1,0,8,15,14,30,10,21,15
,,,,,,,,,,,,,,,,,,,,,,,,,,,,,,,,,,,,,,,,,,,,,,,,,,,,,,,,,,,,,,,,,,,,,,,,,,,,,,,,,,,,2,1,0,7,1,258,1,1,0,8,15,14,0,9,40,15
0,0,,,,,,,,,,,,,,,,,,,,,,,,,,,,,,,,,,,,,,,,,,,,,,,,,,,,,,,035,035,,,,,,,,,,,,,,,,,,,,,,,,,,,2,1,2,1,1,258,1,1,2,8,15,14,0,9,10,14
,,,,,,,,,,,,,,,,,,,,,,,,,,,,,,,,,,,,,,,,,,,,,,,,,,,,,,,,,,,,,,,,,,,,,,,,,,,,,,,,,,,,4,1,0,2,1,258,1,1,0,8,15,14,30,10,55,14
,,,,,,,,,,,,,,,,,,,,,,,,,,,,,,,,,,,,,,,,,,,,,,,,,,,,,,,,,,,,,,,,,,,,,,,,,,,,,,,,,,,,1,1,0,2,1,270,1,1,0,8,15,14,45,8,0,14
,,,,,,,,,,,,,,,,,,,,,,,,,,,,,,,,,,,,,,,,,,,,,,,,,,,,,,,,,,,,,,,,,,,,,,,,,,,,,,,,,,,,1,1,0,2,1,270,1,1,0,8,15,14,30,9,50,14
0,0,0,0,0,,,,,,,,,,,,,,,,,,,,,,,,17.8,16.2,19.2,17.9,22.5,,,,,,,,,,,,,,,,,,,,,,,,078,078,078,078,078,,,,,,,,,,,,,,,,,,,,,,,,2,2,5,2,1,204,1,1,2,8,17,14,0,12,14,19
,,,,,,,,,,,,,,,,,,,,,,,,,,,,,,,,,,,,,,,,,,,,,,,,,,,,,,,,,,,,,,,,,,,,,,,,,,,,,,,,,,,,7,2,0,7,1,204,1,1,0,8,17,14,0,18,16,18
,,,,,,,,,,,,,,,,,,,,,,,,,,,,,,,,,,,,,,,,,,,,,,,,,,,,,,,,,,,,,,,,,,,,,,,,,,,,,,,,,,,,2,2,0,2,1,204,1,1,0,8,17,14,0,14,2,19
,,,,,,,,,,,,,,,,,,,,,,,,,,,,,,,,,,,,,,,,,,,,,,,,,,,,,,,,,,,,,,,,,,,,,,,,,,,,,,,,,,,,3,2,0,2,1,204,1,1,0,8,17,14,0,8,24,17
,,,,,,,,,,,,,,,,,,,,,,,,,,,,,,,,,,,,,,,,,,,,,,,,,,,,,,,,,,,,,,,,,,,,,,,,,,,,,,,,,,,,2,2,0,2,1,204,1,1,0,8,17,14,0,16,14,18
,,,,,,,,,,,,,,,,,,,,,,,,,,,,,,,,,,,,,,,,,,,,,,,,,,,,,,,,,,,,,,,,,,,,,,,,,,,,,,,,,,,,4,2,0,2,1,258,1,1,0,8,17,14,0,10,35,14
,,,,,,,,,,,,,,,,,,,,,,,,,,,,,,,,,,,,,,,,,,,,,,,,,,,,,,,,,,,,,,,,,,,,,,,,,,,,,,,,,,,,3,1,0,2,1,204,1,1,0,8,22,14,0,7,45,12
0,,,,,,,,,,,,,,,,,,,,,,,,,,,,15.1,,,,,,,,,,,,,,,,,,,,,,,,,,,,078,,,,,,,,,,,,,,,,,,,,,,,,,,,,1,1,1,2,1,204,1,1,1,8,22,14,0,9,56,12
,,,,,,,,,,,,,,,,,,,,,,,,,,,,,,,,,,,,,,,,,,,,,,,,,,,,,,,,,,,,,,,,,,,,,,,,,,,,,,,,,,,,2,1,0,7,1,204,1,1,0,8,22,14,0,7,17,7
0,,,,,,,,,,,,,,,,,,,,,,,,,,,,17.1,,,,,,,,,,,,,,,,,,,,,,,,,,,,078,,,,,,,,,,,,,,,,,,,,,,,,,,,,2,1,1,2,1,258,1,1,1,8,28,14,0,18,34,20
,,,,,,,,,,,,,,,,,,,,,,,,,,,,,,,,,,,,,,,,,,,,,,,,,,,,,,,,,,,,,,,,,,,,,,,,,,,,,,,,,,,,2,1,0,2,1,234,1,1,0,8,28,14,0,13,15,20
,,,,,,,,,,,,,,,,,,,,,,,,,,,,,,,,,,,,,,,,,,,,,,,,,,,,,,,,,,,,,,,,,,,,,,,,,,,,,,,,,,,,3,1,0,7,1,204,1,1,0,8,28,14,0,15,55,18
,,,,,,,,,,,,,,,,,,,,,,,,,,,,,,,,,,,,,,,,,,,,,,,,,,,,,,,,,,,,,,,,,,,,,,,,,,,,,,,,,,,,2,1,0,2,1,204,1,1,0,8,28,14,30,14,0,18
,,,,,,,,,,,,,,,,,,,,,,,,,,,,,,,,,,,,,,,,,,,,,,,,,,,,,,,,,,,,,,,,,,,,,,,,,,,,,,,,,,,,2,1,0,2,1,204,1,1,0,8,28,14,0,16,15,18
0,0,,,,,,,,,,,,,,,,,,,,,,,,,,,21,21.1,,,,,,,,,,,,,,,,,,,,,,,,,,,035,035,,,,,,,,,,,,,,,,,,,,,,,,,,,4,1,2,1,1,258,1,1,2,8,28,14,0,9,0,15
0,0,,,,,,,,,,,,,,,,,,,,,,,,,,,34.1,28.5,,,,,,,,,,,,,,,,,,,,,,,,,,,043,043,,,,,,,,,,,,,,,,,,,,,,,,,,,1,1,2,2,1,258,1,1,1,8,28,14,0,9,40,14
,,,,,,,,,,,,,,,,,,,,,,,,,,,,,,,,,,,,,,,,,,,,,,,,,,,,,,,,,,,,,,,,,,,,,,,,,,,,,,,,,,,,2,1,0,1,1,258,1,1,0,8,28,14,15,7,55,14
,,,,,,,,,,,,,,,,,,,,,,,,,,,,,,,,,,,,,,,,,,,,,,,,,,,,,,,,,,,,,,,,,,,,,,,,,,,,,,,,,,,,3,2,0,2,1,258,1,1,0,8,30,14,0,9,23,13
0,0,0,0,0,0,,,,,,,,,,,,,,,,,,,,,,,25.5,18.3,21.8,17.7,17.3,25.9,,,,,,,,,,,,,,,,,,,,,,,035,035,035,035,035,035,,,,,,,,,,,,,,,,,,,,,,,2,2,6,1,1,258,1,1,2,8,30,14,30,8,8,13
0,0,1,0,0,0,,,,,,,,,,,,,,,,,,,,,,,24,21.6,16.1,18.5,15.9,19.6,,,,,,,,,,,,,,,,,,,,,,,034,035,035,035,035,035,,,,,,,,,,,,,,,,,,,,,,,4,2,6,1,1,258,1,1,4,8,30,14,0,10,10,13
,,,,,,,,,,,,,,,,,,,,,,,,,,,,,,,,,,,,,,,,,,,,,,,,,,,,,,,,,,,,,,,,,,,,,,,,,,,,,,,,,,,,2,2,0,2,1,258,1,1,0,8,30,14,30,6,33,12
,,,,,,,,,,,,,,,,,,,,,,,,,,,,,,,,,,,,,,,,,,,,,,,,,,,,,,,,,,,,,,,,,,,,,,,,,,,,,,,,,,,,2,2,0,2,1,258,1,1,0,8,30,14,30,7,5,13
0,0,,,,,,,,,,,,,,,,,,,,,,,,,,,15.2,18.1,,,,,,,,,,,,,,,,,,,,,,,,,,,048,035,,,,,,,,,,,,,,,,,,,,,,,,,,,2,2,2,1,1,258,1,1,1,8,30,14,0,7,25,12
,,,,,,,,,,,,,,,,,,,,,,,,,,,,,,,,,,,,,,,,,,,,,,,,,,,,,,,,,,,,,,,,,,,,,,,,,,,,,,,,,,,,5,2,0,7,1,258,1,1,0,8,30,14,0,10,28,12
0,0,0,,,,,,,,,,,,,,,,,,,,,,,,,,35.8,29.4,44,,,,,,,,,,,,,,,,,,,,,,,,,,043,043,043,,,,,,,,,,,,,,,,,,,,,,,,,,2,2,3,2,1,204,1,1,2,8,30,14,0,6,22,9
,,,,,,,,,,,,,,,,,,,,,,,,,,,,,,,,,,,,,,,,,,,,,,,,,,,,,,,,,,,,,,,,,,,,,,,,,,,,,,,,,,,,1,1,0,7,1,204,1,1,0,9,4,14,0,6,30,7
,,,,,,,,,,,,,,,,,,,,,,,,,,,,,,,,,,,,,,,,,,,,,,,,,,,,,,,,,,,,,,,,,,,,,,,,,,,,,,,,,,,,2,1,0,2,2,204,1,1,0,9,5,14,30,14,28,18
,,,,,,,,,,,,,,,,,,,,,,,,,,,,,,,,,,,,,,,,,,,,,,,,,,,,,,,,,,,,,,,,,,,,,,,,,,,,,,,,,,,,2,1,0,1,2,258,1,1,0,9,5,14,0,12,33,16
0,0,0,0,,,,,,,,,,,,,,,,,,,,,,,,,,,,,,,,,,,,,,,,,,,,,,,,,,,,,078,078,078,078,,,,,,,,,,,,,,,,,,,,,,,,,1,2,4,2,1,204,1,1,1,9,6,14,1,10,80,31
0,0,,,,,,,,,,,,,,,,,,,,,,,,,,,23.4,20.7,,,,,,,,,,,,,,,,,,,,,,,,,,,049,078,,,,,,,,,,,,,,,,,,,,,,,,,,,2,2,2,1,1,204,1,1,2,9,6,14,0,7,17,12
,,,,,,,,,,,,,,,,,,,,,,,,,,,,,,,,,,,,,,,,,,,,,,,,,,,,,,,,,,,,,,,,,,,,,,,,,,,,,,,,,,,,4,2,0,7,2,204,1,1,0,9,6,14,30,10,4,13
,,,,,,,,,,,,,,,,,,,,,,,,,,,,,,,,,,,,,,,,,,,,,,,,,,,,,,,,,,,,,,,,,,,,,,,,,,,,,,,,,,,,2,2,0,1,1,258,1,1,0,9,6,14,0,8,55,10
,,,,,,,,,,,,,,,,,,,,,,,,,,,,,,,,,,,,,,,,,,,,,,,,,,,,,,,,,,,,,,,,,,,,,,,,,,,,,,,,,,,,2,2,0,7,1,204,1,1,0,9,14,14,0,6,34,16
,,,,,,,,,,,,,,,,,,,,,,,,,,,,,,,,,,,,,,,,,,,,,,,,,,,,,,,,,,,,,,,,,,,,,,,,,,,,,,,,,,,,3,2,0,7,1,204,1,1,0,9,14,14,0,6,19,16
,,,,,,,,,,,,,,,,,,,,,,,,,,,,,,,,,,,,,,,,,,,,,,,,,,,,,,,,,,,,,,,,,,,,,,,,,,,,,,,,,,,,1,2,0,7,1,204,1,1,0,9,14,14,0,6,19,16
,,,,,,,,,,,,,,,,,,,,,,,,,,,,,,,,,,,,,,,,,,,,,,,,,,,,,,,,,,,,,,,,,,,,,,,,,,,,,,,,,,,,1,1,0,2,1,270,1,1,0,9,18,14,0,6,52,8
0,,,,,,,,,,,,,,,,,,,,,,,,,,,,17.2,,,,,,,,,,,,,,,,,,,,,,,,,,,,078,,,,,,,,,,,,,,,,,,,,,,,,,,,,1,2,1,2,1,258,1,1,1,9,21,14,15,15,30,18
0,,,,,,,,,,,,,,,,,,,,,,,,,,,,16.2,,,,,,,,,,,,,,,,,,,,,,,,,,,,035,,,,,,,,,,,,,,,,,,,,,,,,,,,,1,1,1,1,1,258,1,1,1,9,22,14,30,13,8,18
,,,,,,,,,,,,,,,,,,,,,,,,,,,,,,,,,,,,,,,,,,,,,,,,,,,,,,,,,,,,,,,,,,,,,,,,,,,,,,,,,,,,1,1,0,1,1,258,1,1,0,9,22,14,30,15,2,19
,,,,,,,,,,,,,,,,,,,,,,,,,,,,,,,,,,,,,,,,,,,,,,,,,,,,,,,,,,,,,,,,,,,,,,,,,,,,,,,,,,,,2,1,0,2,2,258,1,1,0,9,22,14,0,8,20,17
,,,,,,,,,,,,,,,,,,,,,,,,,,,,,,,,,,,,,,,,,,,,,,,,,,,,,,,,,,,,,,,,,,,,,,,,,,,,,,,,,,,,2,1,0,7,1,258,1,1,0,9,22,14,30,16,20,17
,,,,,,,,,,,,,,,,,,,,,,,,,,,,,,,,,,,,,,,,,,,,,,,,,,,,,,,,,,,,,,,,,,,,,,,,,,,,,,,,,,,,2,1,0,1,2,204,1,1,0,9,22,14,0,7,40,13
,,,,,,,,,,,,,,,,,,,,,,,,,,,,,,,,,,,,,,,,,,,,,,,,,,,,,,,,,,,,,,,,,,,,,,,,,,,,,,,,,,,,1,1,0,2,1,258,1,1,0,9,24,14,15,18,39,19
,,,,,,,,,,,,,,,,,,,,,,,,,,,,,,,,,,,,,,,,,,,,,,,,,,,,,,,,,,,,,,,,,,,,,,,,,,,,,,,,,,,,3,1,0,2,3,204,1,1,0,9,24,14,0,8,12,17
,,,,,,,,,,,,,,,,,,,,,,,,,,,,,,,,,,,,,,,,,,,,,,,,,,,,,,,,,,,,,,,,,,,,,,,,,,,,,,,,,,,,4,1,0,2,3,204,1,1,0,9,24,14,0,8,12,17
,,,,,,,,,,,,,,,,,,,,,,,,,,,,,,,,,,,,,,,,,,,,,,,,,,,,,,,,,,,,,,,,,,,,,,,,,,,,,,,,,,,,3,1,0,2,3,204,1,1,0,9,24,14,0,8,12,17
,,,,,,,,,,,,,,,,,,,,,,,,,,,,,,,,,,,,,,,,,,,,,,,,,,,,,,,,,,,,,,,,,,,,,,,,,,,,,,,,,,,,1,1,0,2,1,204,1,1,0,9,26,14,0,8,15,13
0,,,,,,,,,,,,,,,,,,,,,,,,,,,,20.5,,,,,,,,,,,,,,,,,,,,,,,,,,,,049,,,,,,,,,,,,,,,,,,,,,,,,,,,,2,1,1,1,1,258,1,1,1,9,26,14,30,8,38,11
0,,,,,,,,,,,,,,,,,,,,,,,,,,,,22.8,,,,,,,,,,,,,,,,,,,,,,,,,,,,049,,,,,,,,,,,,,,,,,,,,,,,,,,,,2,1,1,1,2,258,1,1,1,9,26,14,30,6,35,10
0,0,0,,,,,,,,,,,,,,,,,,,,,,,,,,18.5,21,22.4,,,,,,,,,,,,,,,,,,,,,,,,,,035,035,035,,,,,,,,,,,,,,,,,,,,,,,,,,1,1,3,1,1,258,1,1,1,9,26,14,30,8,9,11
,,,,,,,,,,,,,,,,,,,,,,,,,,,,,,,,,,,,,,,,,,,,,,,,,,,,,,,,,,,,,,,,,,,,,,,,,,,,,,,,,,,,5,2,0,7,1,258,1,1,0,9,28,14,0,13,16,19
,,,,,,,,,,,,,,,,,,,,,,,,,,,,,,,,,,,,,,,,,,,,,,,,,,,,,,,,,,,,,,,,,,,,,,,,,,,,,,,,,,,,4,2,0,7,1,258,1,1,0,9,28,14,0,13,24,19
,,,,,,,,,,,,,,,,,,,,,,,,,,,,,,,,,,,,,,,,,,,,,,,,,,,,,,,,,,,,,,,,,,,,,,,,,,,,,,,,,,,,1,2,0,2,1,258,1,1,0,9,28,14,45,15,49,18
,,,,,,,,,,,,,,,,,,,,,,,,,,,,,,,,,,,,,,,,,,,,,,,,,,,,,,,,,,,,,,,,,,,,,,,,,,,,,,,,,,,,2,2,0,1,1,258,1,1,0,9,28,14,40,16,5,19
,,,,,,,,,,,,,,,,,,,,,,,,,,,,,,,,,,,,,,,,,,,,,,,,,,,,,,,,,,,,,,,,,,,,,,,,,,,,,,,,,,,,2,2,0,2,1,258,1,1,0,9,28,14,0,16,39,19
0,,,,,,,,,,,,,,,,,,,,,,,,,,,,22.5,,,,,,,,,,,,,,,,,,,,,,,,,,,,078,,,,,,,,,,,,,,,,,,,,,,,,,,,,1,2,1,2,1,258,1,1,1,9,28,14,0,12,47,18
,,,,,,,,,,,,,,,,,,,,,,,,,,,,,,,,,,,,,,,,,,,,,,,,,,,,,,,,,,,,,,,,,,,,,,,,,,,,,,,,,,,,2,2,0,2,1,258,1,1,0,9,28,14,0,9,20,18
0,1,,,,,,,,,,,,,,,,,,,,,,,,,,,23,19.9,,,,,,,,,,,,,,,,,,,,,,,,,,,045,045,,,,,,,,,,,,,,,,,,,,,,,,,,,2,2,2,1,1,258,1,1,2,9,28,14,0,15,30,18
,,,,,,,,,,,,,,,,,,,,,,,,,,,,,,,,,,,,,,,,,,,,,,,,,,,,,,,,,,,,,,,,,,,,,,,,,,,,,,,,,,,,1,2,0,2,2,258,1,1,0,9,28,14,0,8,49,17
0,,,,,,,,,,,,,,,,,,,,,,,,,,,,,,,,,,,,,,,,,,,,,,,,,,,,,,,,049,,,,,,,,,,,,,,,,,,,,,,,,,,,,3,2,1,1,1,258,1,1,1,9,28,14,0,15,15,18
,,,,,,,,,,,,,,,,,,,,,,,,,,,,,,,,,,,,,,,,,,,,,,,,,,,,,,,,,,,,,,,,,,,,,,,,,,,,,,,,,,,,2,2,0,7,1,258,1,1,0,9,28,14,30,13,36,17
,,,,,,,,,,,,,,,,,,,,,,,,,,,,,,,,,,,,,,,,,,,,,,,,,,,,,,,,,,,,,,,,,,,,,,,,,,,,,,,,,,,,6,2,0,7,1,258,1,1,0,9,28,14,0,15,40,17
,,,,,,,,,,,,,,,,,,,,,,,,,,,,,,,,,,,,,,,,,,,,,,,,,,,,,,,,,,,,,,,,,,,,,,,,,,,,,,,,,,,,2,2,0,7,1,204,1,1,0,9,28,14,0,15,21,15
,,,,,,,,,,,,,,,,,,,,,,,,,,,,,,,,,,,,,,,,,,,,,,,,,,,,,,,,,,,,,,,,,,,,,,,,,,,,,,,,,,,,1,2,0,7,1,204,1,1,0,9,28,14,0,15,18,15
,,,,,,,,,,,,,,,,,,,,,,,,,,,,,,,,,,,,,,,,,,,,,,,,,,,,,,,,,,,,,,,,,,,,,,,,,,,,,,,,,,,,1,2,0,7,1,204,1,1,0,9,28,14,0,15,21,15
0,0,,,,,,,,,,,,,,,,,,,,,,,,,,,15,16.5,,,,,,,,,,,,,,,,,,,,,,,,,,,078,078,,,,,,,,,,,,,,,,,,,,,,,,,,,1,2,2,2,1,204,1,1,1,9,28,14,0,7,0,14
,,,,,,,,,,,,,,,,,,,,,,,,,,,,,,,,,,,,,,,,,,,,,,,,,,,,,,,,,,,,,,,,,,,,,,,,,,,,,,,,,,,,5,2,0,7,1,204,1,1,0,9,28,14,0,10,0,14
,,,,,,,,,,,,,,,,,,,,,,,,,,,,,,,,,,,,,,,,,,,,,,,,,,,,,,,,,,,,,,,,,,,,,,,,,,,,,,,,,,,,2,2,0,2,1,204,1,1,0,9,28,14,0,11,22,14
,,,,,,,,,,,,,,,,,,,,,,,,,,,,,,,,,,,,,,,,,,,,,,,,,,,,,,,,,,,,,,,,,,,,,,,,,,,,,,,,,,,,3,2,0,2,1,204,1,1,0,9,28,14,0,9,30,14
,,,,,,,,,,,,,,,,,,,,,,,,,,,,,,,,,,,,,,,,,,,,,,,,,,,,,,,,,,,,,,,,,,,,,,,,,,,,,,,,,,,,,,,,,,,,,,,,,,,
